{
  "I": [
    "Plant1",
    "Plant2",
    "Plant3"
  ],
  "J": [
    "Sub1",
    "Sub2",
    "Sub3",
    "Sub4",
    "Sub5"
  ],
  "K": [
    "City1",
    "City2",
    "City3",
    "City4",
    "City5",
    "City6",
    "City7",
    "City8"
  ],
  "S": [
    "Winter",
    "Summer",
    "Fall",
    "Spring"
  ],
  "PC": {
    "('Plant1', 'Winter')": 23.129223042554198,
    "('Plant1', 'Summer')": 23.48926894283211,
    "('Plant1', 'Fall')": 23.12371114247225,
    "('Plant1', 'Spring')": 25.2075947165163,
    "('Plant2', 'Winter')": 33.02448948487892,
    "('Plant2', 'Summer')": 33.24465602689801,
    "('Plant2', 'Fall')": 35.13241184796633,
    "('Plant2', 'Spring')": 36.82683761117067,
    "('Plant3', 'Winter')": 39.72693009166884,
    "('Plant3', 'Summer')": 37.816435309335326,
    "('Plant3', 'Fall')": 36.37372885683646,
    "('Plant3', 'Spring')": 37.113703084374485
  },
  "Cap": {
    "('Plant1', 'Winter')": 1481.3246516208476,
    "('Plant1', 'Summer')": 1454.6506044226353,
    "('Plant1', 'Fall')": 1538.5630239489813,
    "('Plant1', 'Spring')": 1496.6341830044275,
    "('Plant2', 'Winter')": 1898.39330583763,
    "('Plant2', 'Summer')": 1927.0198394715258,
    "('Plant2', 'Fall')": 1813.5263164345733,
    "('Plant2', 'Spring')": 1961.0087657033087,
    "('Plant3', 'Winter')": 1723.2233489955415,
    "('Plant3', 'Summer')": 1671.0948402147997,
    "('Plant3', 'Fall')": 1652.8258022523241,
    "('Plant3', 'Spring')": 1647.776569686475
  },
  "FC": {
    "Sub1": 5553.091011170245,
    "Sub2": 5154.130151550734,
    "Sub3": 7823.19079030431,
    "Sub4": 6433.187561797064,
    "Sub5": 7466.346935898291
  },
  "SC": {
    "('Sub1', 'Winter')": 1149.2285159432158,
    "('Sub1', 'Summer')": 1215.8917847283312,
    "('Sub1', 'Fall')": 1146.7710202509875,
    "('Sub1', 'Spring')": 1158.2450226402673,
    "('Sub2', 'Winter')": 1256.2828926526538,
    "('Sub2', 'Summer')": 1344.7114446722533,
    "('Sub2', 'Fall')": 1232.5274263137708,
    "('Sub2', 'Spring')": 1315.306105185854,
    "('Sub3', 'Winter')": 1341.0469734593778,
    "('Sub3', 'Summer')": 1267.4115027899618,
    "('Sub3', 'Fall')": 1306.1003854586409,
    "('Sub3', 'Spring')": 1296.7100744393992,
    "('Sub4', 'Winter')": 1265.3498359877253,
    "('Sub4', 'Summer')": 1281.2109846380802,
    "('Sub4', 'Fall')": 1197.5904137597538,
    "('Sub4', 'Spring')": 1236.1423009718208,
    "('Sub5', 'Winter')": 1336.1426797871618,
    "('Sub5', 'Summer')": 1363.2177172619201,
    "('Sub5', 'Fall')": 1266.6871704278278,
    "('Sub5', 'Spring')": 1267.1095769630128
  },
  "D": {
    "('City1', 'Winter')": 187.86273543102814,
    "('City1', 'Summer')": 122.00206772877054,
    "('City1', 'Fall')": 151.9313287560459,
    "('City1', 'Spring')": 149.52738924922633,
    "('City2', 'Winter')": 176.7819142752351,
    "('City2', 'Summer')": 109.98471287811563,
    "('City2', 'Fall')": 137.26047613068266,
    "('City2', 'Spring')": 151.05417442040562,
    "('City3', 'Winter')": 202.7928253874285,
    "('City3', 'Summer')": 142.6212883966116,
    "('City3', 'Fall')": 184.73706049921756,
    "('City3', 'Spring')": 180.10210677437271,
    "('City4', 'Winter')": 200.24559674786585,
    "('City4', 'Summer')": 144.09936859016668,
    "('City4', 'Fall')": 160.07273026528335,
    "('City4', 'Spring')": 163.9541297232604,
    "('City5', 'Winter')": 211.1744243796433,
    "('City5', 'Summer')": 142.57415467989162,
    "('City5', 'Fall')": 150.6402716421462,
    "('City5', 'Spring')": 153.75472808470042,
    "('City6', 'Winter')": 163.4242186781033,
    "('City6', 'Summer')": 106.41886411325501,
    "('City6', 'Fall')": 125.23287542556616,
    "('City6', 'Spring')": 120.93718938270175,
    "('City7', 'Winter')": 209.38707650389495,
    "('City7', 'Summer')": 150.04499179650685,
    "('City7', 'Fall')": 168.88374622334928,
    "('City7', 'Spring')": 168.6582415905643,
    "('City8', 'Winter')": 119.70994889855314,
    "('City8', 'Summer')": 84.96656663254,
    "('City8', 'Fall')": 104.20476123955221,
    "('City8', 'Spring')": 102.64992587370047
  },
  "alpha": {
    "('Plant1', 'Sub1')": 0.9425816909546196,
    "('Plant1', 'Sub2')": 0.8639925695963522,
    "('Plant1', 'Sub3')": 0.8749435916479744,
    "('Plant1', 'Sub4')": 0.898058641097238,
    "('Plant1', 'Sub5')": 0.8649542810014896,
    "('Plant2', 'Sub1')": 0.8607447796322899,
    "('Plant2', 'Sub2')": 0.8893822499545821,
    "('Plant2', 'Sub3')": 0.9259351283229725,
    "('Plant2', 'Sub4')": 0.947410157298509,
    "('Plant2', 'Sub5')": 0.8819438536090278,
    "('Plant3', 'Sub1')": 0.9075105547564344,
    "('Plant3', 'Sub2')": 0.891231603283892,
    "('Plant3', 'Sub3')": 0.8679620566686099,
    "('Plant3', 'Sub4')": 0.9341213587965997,
    "('Plant3', 'Sub5')": 0.8971493220201218
  },
  "beta": {
    "('Sub1', 'City1')": 0.935073049674778,
    "('Sub1', 'City2')": 0.9471902369333255,
    "('Sub1', 'City3')": 0.9819530164121205,
    "('Sub1', 'City4')": 0.9595253968310216,
    "('Sub1', 'City5')": 0.960791595714031,
    "('Sub1', 'City6')": 0.9321029436306207,
    "('Sub1', 'City7')": 0.9164974642371237,
    "('Sub1', 'City8')": 0.9610947018843369,
    "('Sub2', 'City1')": 0.9301302669465067,
    "('Sub2', 'City2')": 0.9646985579898005,
    "('Sub2', 'City3')": 0.9093116279204829,
    "('Sub2', 'City4')": 0.9201478244224703,
    "('Sub2', 'City5')": 0.9422273410702994,
    "('Sub2', 'City6')": 0.9503410756957743,
    "('Sub2', 'City7')": 0.9624178721036655,
    "('Sub2', 'City8')": 0.9616596926306724,
    "('Sub3', 'City1')": 0.9072686963254106,
    "('Sub3', 'City2')": 0.9546831676876513,
    "('Sub3', 'City3')": 0.9452426020312197,
    "('Sub3', 'City4')": 0.9058054516005765,
    "('Sub3', 'City5')": 0.9331498922860509,
    "('Sub3', 'City6')": 0.9428638150383489,
    "('Sub3', 'City7')": 0.9539039619928021,
    "('Sub3', 'City8')": 0.9734756875736966,
    "('Sub4', 'City1')": 0.9583328274246476,
    "('Sub4', 'City2')": 0.9248905397613781,
    "('Sub4', 'City3')": 0.9358624328163135,
    "('Sub4', 'City4')": 0.9245953022880925,
    "('Sub4', 'City5')": 0.9720770175953385,
    "('Sub4', 'City6')": 0.9423017114555751,
    "('Sub4', 'City7')": 0.9107466253291072,
    "('Sub4', 'City8')": 0.9517713529059278,
    "('Sub5', 'City1')": 0.9297472512502191,
    "('Sub5', 'City2')": 0.9792891305674919,
    "('Sub5', 'City3')": 0.9070268616046017,
    "('Sub5', 'City4')": 0.9372563483238601,
    "('Sub5', 'City5')": 0.9689553257517942,
    "('Sub5', 'City6')": 0.9760377307680259,
    "('Sub5', 'City7')": 0.9421643874784316,
    "('Sub5', 'City8')": 0.9420446307479039
  },
  "M": {
    "('Sub1', 'City1')": 223.23001692086163,
    "('Sub1', 'City2')": 207.37581695379356,
    "('Sub1', 'City3')": 229.46654043070768,
    "('Sub1', 'City4')": 231.88037360183756,
    "('Sub1', 'City5')": 244.21346976535406,
    "('Sub1', 'City6')": 194.8094536539208,
    "('Sub1', 'City7')": 253.8493736261514,
    "('Sub1', 'City8')": 138.39536735655935,
    "('Sub2', 'City1')": 224.41627814821678,
    "('Sub2', 'City2')": 203.61215176272958,
    "('Sub2', 'City3')": 247.79773470717276,
    "('Sub2', 'City4')": 241.80365544772928,
    "('Sub2', 'City5')": 249.02509095541996,
    "('Sub2', 'City6')": 191.070837451649,
    "('Sub2', 'City7')": 241.73730971767546,
    "('Sub2', 'City8')": 138.3140578221249,
    "('Sub3', 'City1')": 230.07117246143227,
    "('Sub3', 'City2')": 205.74820615143688,
    "('Sub3', 'City3')": 238.37833912414493,
    "('Sub3', 'City4')": 245.63233429924205,
    "('Sub3', 'City5')": 251.44754476249562,
    "('Sub3', 'City6')": 192.5861002423845,
    "('Sub3', 'City7')": 243.89489560407705,
    "('Sub3', 'City8')": 136.63520931194918,
    "('Sub4', 'City1')": 217.8119821503819,
    "('Sub4', 'City2')": 212.3757793493954,
    "('Sub4', 'City3')": 240.76761032442573,
    "('Sub4', 'City4')": 240.64053423916488,
    "('Sub4', 'City5')": 241.3782499365614,
    "('Sub4', 'City6')": 192.700982063804,
    "('Sub4', 'City7')": 255.45228580174947,