{
  "I": [
    "Plant1",
    "Plant2",
    "Plant3"
  ],
  "J": [
    "Sub1",
    "Sub2",
    "Sub3",
    "Sub4"
  ],
  "K": [
    "City1",
    "City2",
    "City3",
    "City4",
    "City5"
  ],
  "S": [
    "Winter",
    "Summer",
    "Fall",
    "Spring"
  ],
  "PC": {
    "Plant1": {
      "Winter": 25.880581206969083,
      "Summer": 24.47713935745654,
      "Fall": 22.98850046732108,
      "Spring": 26.70471100672679
    },
    "Plant2": {
      "Winter": 36.61600081560667,
      "Summer": 39.410305254823555,
      "Fall": 36.12072941779142,
      "Spring": 33.269182860300575
    },
    "Plant3": {
      "Winter": 32.71697545260746,
      "Summer": 27.662700439696746,
      "Fall": 27.111994156213207,
      "Spring": 32.29035605442216
    }
  },
  "Cap": {
    "Plant1": {
      "Winter": 2316.23491494207,
      "Summer": 2439.0202971557414,
      "Fall": 2423.318147069724,
      "Spring": 2301.895871726654
    },
    "Plant2": {
      "Winter": 2362.5928132908743,
      "Summer": 2254.0078733624446,
      "Fall": 2361.073804971788,
      "Spring": 2238.7869448451656
    },
    "Plant3": {
      "Winter": 1854.4204195132081,
      "Summer": 1974.0724532678666,
      "Fall": 1910.82774845274,
      "Spring": 1896.508184325504
    }
  },
  "FC": {
    "Sub1": 7661.037712861855,
    "Sub2": 7739.347326007859,
    "Sub3": 5849.19669463198,
    "Sub4": 5725.004629449779
  },
  "SC": {
    "Sub1": {
      "Winter": 1654.3358717458768,
      "Summer": 1775.5665915049897,
      "Fall": 1664.9703763183948,
      "Spring": 1771.094426061909
    },
    "Sub2": {
      "Winter": 1873.2867214638209,
      "Summer": 1843.5538453902877,
      "Fall": 1901.5447489975318,
      "Spring": 1921.2886843770227
    },
    "Sub3": {
      "Winter": 1601.3146260216542,
      "Summer": 1506.5709332802128,
      "Fall": 1588.6260975444977,
      "Spring": 1527.614382495151
    },
    "Sub4": {
      "Winter": 1804.9480465538538,
      "Summer": 1873.352324505822,
      "Fall": 1874.0020476303473,
      "Spring": 1813.4353010371444
    }
  },
  "D": {
    "City1": {
      "Winter": 213.84999378975303,
      "Summer": 160.8569917364918,
      "Fall": 183.73549613058537,
      "Spring": 177.9162673209333
    },
    "City2": {
      "Winter": 138.4364727814712,
      "Summer": 96.3966904238403,
      "Fall": 117.95990081482924,
      "Spring": 116.75788468195614
    },
    "City3": {
      "Winter": 241.57992506447428,
      "Summer": 176.7958422618894,
      "Fall": 194.46981427965002,
      "Spring": 213.85354365470494
    },
    "City4": {
      "Winter": 237.8614594069047,
      "Summer": 149.07357880965532,
      "Fall": 196.7144706519243,
      "Spring": 209.32509937709216
    },
    "City5": {
      "Winter": 135.2941333841505,
      "Summer": 81.10858405101827,
      "Fall": 106.43754138211617,
      "Spring": 110.83550624963678
    }
  },
  "alpha": {
    "Plant1": {
      "Sub1": 0.9283737978499396,
      "Sub2": 0.8614204899351225,
      "Sub3": 0.8932865239098522,
      "Sub4": 0.8630796625073547
    },
    "Plant2": {
      "Sub1": 0.8910938754818735,
      "Sub2": 0.9262598889261263,
      "Sub3": 0.9092315458266353,
      "Sub4": 0.9417757867761348
    },
    "Plant3": {
      "Sub1": 0.8624075105130965,
      "Sub2": 0.8778251883878022,
      "Sub3": 0.9011266409697785,
      "Sub4": 0.8741323705356335
    }
  },
  "beta": {
    "Sub1": {
      "City1": 0.961654725869397,
      "City2": 0.9082440059273734,
      "City3": 0.9790469259654373,
      "City4": 0.9316515143159562,
      "City5": 0.9257971448157314
    },
    "Sub2": {
      "City1": 0.9496186197999044,
      "City2": 0.9556704330577805,
      "City3": 0.9096309969314449,
      "City4": 0.9785872289506898,
      "City5": 0.9759020955467872
    },
    "Sub3": {
      "City1": 0.9450867864186233,
      "City2": 0.912268823709616,
      "City3": 0.9661912457483781,
      "City4": 0.9492440892538009,
      "City5": 0.9204326131714021
    },
    "Sub4": {
      "City1": 0.9268987188054519,
      "City2": 0.9352484294892418,
      "City3": 0.9335046361198457,
      "City4": 0.966417397122484,
      "City5": 0.9879712445785006
    }
  },
  "M": {
    "Sub1": {
      "City1": 247.08567203891306,
      "City2": 169.35790612068564,
      "City3": 274.1667757097916,
      "City4": 283.6795801766775,
      "City5": 162.37554383600855
    },
    "Sub2": {
      "City1": 250.2174022881987,
      "City2": 160.95329286097478,
      "City3": 295.08904145309907,
      "City4": 270.07353318467807,
      "City5": 154.03882782632195
    },
    "Sub3": {
      "City1": 251.41723239117172,
      "City2": 168.61071988083788,
      "City3": 277.81470815606133,
      "City4": 278.42207651761584,
      "City5": 163.3219126746486
    },
    "Sub4": {
      "City1": 256.35066635657876,
      "City2": 164.46785500033062,
      "City3": 287.54237373285656,
      "City4": 273.4744958431456,
      "City5": 152.15707511346898
    }
  }
}