{
  "I": [
    "Plant1",
    "Plant2",
    "Plant3",
    "Plant4",
    "Plant5",
    "Plant6",
    "Plant7"
  ],
  "J": [
    "Sub1",
    "Sub2",
    "Sub3",
    "Sub4",
    "Sub5",
    "Sub6",
    "Sub7",
    "Sub8"
  ],
  "K": [
    "City1",
    "City2",
    "City3",
    "City4",
    "City5",
    "City6",
    "City7",
    "City8",
    "City9"
  ],
  "S": [
    "Winter",
    "Summer",
    "Fall",
    "Spring"
  ],
  "PC": {
    "Plant1": {
      "Winter": 51.38276586649308,
      "Summer": 44.76780207494889,
      "Fall": 52.001840637992714,
      "Spring": 48.80936797504823
    },
    "Plant2": {
      "Winter": 45.3076942234088,
      "Summer": 45.4895446006634,
      "Fall": 43.96180944516624,
      "Spring": 43.66835542646814
    },
    "Plant3": {
      "Winter": 49.2014243702865,
      "Summer": 50.848721018408945,
      "Fall": 52.01857308768482,
      "Spring": 52.184791118428095
    },
    "Plant4": {
      "Winter": 51.38988944856845,
      "Summer": 53.04680331907645,
      "Fall": 57.939206199189265,
      "Spring": 53.447976558608836
    },
    "Plant5": {
      "Winter": 50.941580875318365,
      "Summer": 48.099052561029914,
      "Fall": 52.486840838172164,
      "Spring": 55.78935512706788
    },
    "Plant6": {
      "Winter": 51.918332262611436,
      "Summer": 50.9673325099286,
      "Fall": 52.008237488917025,
      "Spring": 56.48428730695962
    },
    "Plant7": {
      "Winter": 45.60177664870196,
      "Summer": 45.71391292428065,
      "Fall": 45.45173289687482,
      "Spring": 44.153378026698334
    }
  },
  "Cap": {
    "Plant1": {
      "Winter": 1830.7628118463979,
      "Summer": 1815.9410268972679,
      "Fall": 1796.6381621764508,
      "Spring": 1837.1118283566805
    },
    "Plant2": {
      "Winter": 1487.6482718956927,
      "Summer": 1483.0396724218908,
      "Fall": 1560.7985203614187,
      "Spring": 1525.922748314614
    },
    "Plant3": {
      "Winter": 1775.096258368744,
      "Summer": 1746.7883057408374,
      "Fall": 1776.851899158107,
      "Spring": 1786.724266657804
    },
    "Plant4": {
      "Winter": 1143.6304087384658,
      "Summer": 1194.2698457480421,
      "Fall": 1183.2692143970262,
      "Spring": 1223.7351276972488
    },
    "Plant5": {
      "Winter": 1329.9269578586132,
      "Summer": 1353.9468392756162,
      "Fall": 1392.3480631247955,
      "Spring": 1343.092098312231
    },
    "Plant6": {
      "Winter": 1410.8004779545417,
      "Summer": 1337.7081767256564,
      "Fall": 1358.214160869584,
      "Spring": 1406.931440813191
    },
    "Plant7": {
      "Winter": 1764.544046532854,
      "Summer": 1819.1129616613705,
      "Fall": 1775.6727936480972,
      "Spring": 1808.1781953972002
    }
  },
  "FC": {
    "Sub1": 7352.466065425626,
    "Sub2": 7431.627030170743,
    "Sub3": 9084.44497962064,
    "Sub4": 7328.191776857003,
    "Sub5": 9685.939834119323,
    "Sub6": 9330.999679062263,
    "Sub7": 8174.499577308984,
    "Sub8": 9263.126535991898
  },
  "SC": {
    "Sub1": {
      "Winter": 1252.3045641353497,
      "Summer": 1276.0363213007754,
      "Fall": 1242.7537504382624,
      "Spring": 1254.0598077387629
    },
    "Sub2": {
      "Winter": 1281.7688069646488,
      "Summer": 1206.7411970082537,
      "Fall": 1291.1797908816084,
      "Spring": 1185.2783918042535
    },
    "Sub3": {
      "Winter": 1269.8455195544789,
      "Summer": 1335.5865512331998,
      "Fall": 1356.4183153844695,
      "Spring": 1329.270583465464
    },
    "Sub4": {
      "Winter": 978.3284289011488,
      "Summer": 1041.1513319526252,
      "Fall": 996.8836093087258,
      "Spring": 993.6799145931697
    },
    "Sub5": {
      "Winter": 1225.263392740518,
      "Summer": 1262.1571977207643,
      "Fall": 1291.0896944019225,
      "Spring": 1249.013437557869
    },
    "Sub6": {
      "Winter": 1411.9751625847423,
      "Summer": 1453.8386879030988,
      "Fall": 1407.8257045254995,
      "Spring": 1452.4227034629382
    },
    "Sub7": {
      "Winter": 1387.5787717194064,
      "Summer": 1403.570608426107,
      "Fall": 1421.7321923307143,
      "Spring": 1440.2533442648808
    },
    "Sub8": {
      "Winter": 1186.705552673604,
      "Summer": 1147.8277892753676,
      "Fall": 1084.8794411049334,
      "Spring": 1148.9848842839365
    }
  },
  "D": {
    "City1": {
      "Winter": 340.98810238566716,
      "Summer": 247.32505962063402,
      "Fall": 276.1226256284286,
      "Spring": 264.4436182629414
    },
    "City2": {
      "Winter": 362.03570308652917,
      "Summer": 244.7026230801946,
      "Fall": 268.75156167725896,
      "Spring": 270.77770160699936
    },
    "City3": {
      "Winter": 365.07751747264194,
      "Summer": 202.38676003955973,
      "Fall": 315.84388604419354,
      "Spring": 273.5748417165907
    },
    "City4": {
      "Winter": 271.1478465180619,
      "Summer": 214.4750051822038,
      "Fall": 220.32649982881094,
      "Spring": 236.16849560624857
    },
    "City5": {
      "Winter": 266.0962415538506,
      "Summer": 168.90977557810612,
      "Fall": 233.67817708545437,
      "Spring": 233.32371036000595
    },
    "City6": {
      "Winter": 288.28608712388063,
      "Summer": 194.5111566444475,
      "Fall": 217.6775251104975,
      "Spring": 235.77770079782368
    },
    "City7": {
      "Winter": 267.38925417643895,
      "Summer": 197.32669328121014,
      "Fall": 248.14743602097005,
      "Spring": 222.60397956345668
    },
    "City8": {
      "Winter": 293.3637009874988,
      "Summer": 192.11671840252555,
      "Fall": 263.3245115063983,
      "Spring": 250.23514911872792
    },
    "City9": {
      "Winter": 323.7492125205072,
      "Summer": 224.4379501529906,
      "Fall": 278.2931244796332,
      "Spring": 269.2561527375947
    }
  },
  "alpha": {
    "Plant1": {
      "Sub1": 0.655728649330945,
      "Sub2": 0.7876630719720352,
      "Sub3": 0.8592793501298851,
      "Sub4": 0.7390601721052213,
      "Sub5": 0.8372139646207087,
      "Sub6": 0.6478769559179111,
      "Sub7": 0.6822840378169271,
      "Sub8": 0.6525065404389722
    },
    "Plant2": {
      "Sub1": 0.700316658074376,
      "Sub2": 0.7538432837489277,
      "Sub3": 0.7772673929774975,
      "Sub4": 0.680798641365613,
      "Sub5": 0.736449369990235,
      "Sub6": 0.8074732425999195,
      "Sub7": 0.7944527567327262,
      "Sub8": 0.8544902038086903
    },
    "Plant3": {
      "Sub1": 0.745038986655022,
      "Sub2": 0.6874452888544086,
      "Sub3": 0.6702689813791709,
      "Sub4": 0.786738492993982,
      "Sub5": 0.7188183406201137,
      "Sub6": 0.7034001349860866,
      "Sub7": 0.7290330718518915,
      "Sub8": 0.7469332962362598
    },
    "Plant4": {
      "Sub1": 0.6589475443198246,
      "Sub2": 0.7501155706174054,
      "Sub3": 0.7579684953369841,
      "Sub4": 0.7455973178438451,
      "Sub5": 0.7493352436834568,
      "Sub6": 0.7278773115030478,
      "Sub7": 0.8268541426050492,
      "Sub8": 0.681456620044861
    },
    "Plant5": {
      "Sub1": 0.8246289022020103,
      "Sub2": 0.7110020819414236,
      "Sub3": 0.7990626990849916,
      "Sub4": 0.8228826154375171,
      "Sub5": 0.7027160122733286,
      "Sub6": 0.7785804585504449,
      "Sub7": 0.7737049868868043,
      "Sub8": 0.7386577373267234
    },
    "Plant6": {
      "Sub1": 0.6378566960616383,
      "Sub2": 0.8527944158026933,
      "Sub3": 0.7463740911811106,
      "Sub4": 0.7252709163516449,
      "Sub5": 0.8542395725084793,
      "Sub6": 0.7627554578963758,
      "Sub7": 0.8463861275195227,
      "Sub8": 0.8546099778178384
    },
    "Plant7": {
      "Sub1": 0.6713338131640193,
      "Sub2": 0.6880498455836153,
      "Sub3": 0.750058748183364,
      "Sub4": 0.6566771655291236,
      "Sub5": 0.664693066330531,
      "Sub6": 0.679660797078249,
      "Sub7": 0.8594857862498251,
      "Sub8": 0.7991330113903354
    }
  },
  "beta": {
    "Sub1": {
      "City1": 0.8697205165307571,
      "City2": 0.7926968334028763,
      "City3": 0.8814067429587485,
      "City4": 0.8577470681797604,