{
  "I": [
    "Plant1",
    "Plant2",
    "Plant3"
  ],
  "J": [
    "Sub1",
    "Sub2",
    "Sub3",
    "Sub4",
    "Sub5"
  ],
  "K": [
    "City1",
    "City2",
    "City3",
    "City4",
    "City5",
    "City6",
    "City7",
    "City8"
  ],
  "S": [
    "Winter",
    "Summer",
    "Fall",
    "Spring"
  ],
  "PC": {
    "('Plant1', 'Winter')": 23.700762017171254,
    "('Plant1', 'Summer')": 24.92655254995612,
    "('Plant1', 'Fall')": 23.171835667459057,
    "('Plant1', 'Spring')": 23.12335064379155,
    "('Plant2', 'Winter')": 21.98150316334711,
    "('Plant2', 'Summer')": 20.258655818403874,
    "('Plant2', 'Fall')": 23.156669843617674,
    "('Plant2', 'Spring')": 22.96052982880407,
    "('Plant3', 'Winter')": 20.294908346082163,
    "('Plant3', 'Summer')": 22.140951381198782,
    "('Plant3', 'Fall')": 20.19310053715302,
    "('Plant3', 'Spring')": 19.84218076073396
  },
  "Cap": {
    "('Plant1', 'Winter')": 1883.3488195496466,
    "('Plant1', 'Summer')": 1863.9915860192993,
    "('Plant1', 'Fall')": 1925.3754541479254,
    "('Plant1', 'Spring')": 1929.87720495814,
    "('Plant2', 'Winter')": 1451.1469129989853,
    "('Plant2', 'Summer')": 1504.445959760181,
    "('Plant2', 'Fall')": 1503.2539333825705,
    "('Plant2', 'Spring')": 1510.1844680206336,
    "('Plant3', 'Winter')": 1803.6355058166284,
    "('Plant3', 'Summer')": 1861.5854683361013,
    "('Plant3', 'Fall')": 1696.4345175803337,
    "('Plant3', 'Spring')": 1753.1543972352392
  },
  "FC": {
    "Sub1": 6017.907816184889,
    "Sub2": 7585.017609058374,
    "Sub3": 5745.969001760857,
    "Sub4": 5570.626725322434,
    "Sub5": 6345.840643499396
  },
  "SC": {
    "('Sub1', 'Winter')": 1184.123947508036,
    "('Sub1', 'Summer')": 1180.6438614032375,
    "('Sub1', 'Fall')": 1262.1957791002062,
    "('Sub1', 'Spring')": 1204.0542896958973,
    "('Sub2', 'Winter')": 1437.874466767177,
    "('Sub2', 'Summer')": 1366.3783683317404,
    "('Sub2', 'Fall')": 1502.1056245817172,
    "('Sub2', 'Spring')": 1478.7491638681054,
    "('Sub3', 'Winter')": 1547.7922274814218,
    "('Sub3', 'Summer')": 1536.2619451627372,
    "('Sub3', 'Fall')": 1434.9620754566513,
    "('Sub3', 'Spring')": 1482.3665564025937,
    "('Sub4', 'Winter')": 1095.9200603446814,
    "('Sub4', 'Summer')": 1058.020165035905,
    "('Sub4', 'Fall')": 1093.477503049823,
    "('Sub4', 'Spring')": 1160.5912067093332,
    "('Sub5', 'Winter')": 1164.7754088996112,
    "('Sub5', 'Summer')": 1127.5057698912995,
    "('Sub5', 'Fall')": 1123.8813451765036,
    "('Sub5', 'Spring')": 1184.3973950176462
  },
  "D": {
    "('City1', 'Winter')": 241.6763502966964,
    "('City1', 'Summer')": 168.35015172140228,
    "('City1', 'Fall')": 185.76574400261038,
    "('City1', 'Spring')": 191.4291925971822,
    "('City2', 'Winter')": 239.36278339731794,
    "('City2', 'Summer')": 159.15815095957856,
    "('City2', 'Fall')": 206.63477265695067,
    "('City2', 'Spring')": 179.43467900970387,
    "('City3', 'Winter')": 190.19162159021096,
    "('City3', 'Summer')": 137.9096265587753,
    "('City3', 'Fall')": 147.56401150603307,
    "('City3', 'Spring')": 173.01687173723232,
    "('City4', 'Winter')": 122.82649459412784,
    "('City4', 'Summer')": 88.46188738078764,
    "('City4', 'Fall')": 111.79612828409587,
    "('City4', 'Spring')": 102.2909603448478,
    "('City5', 'Winter')": 143.1279444473936,
    "('City5', 'Summer')": 83.90672841903502,
    "('City5', 'Fall')": 114.1056760907867,
    "('City5', 'Spring')": 114.6625365021867,
    "('City6', 'Winter')": 172.68198579401067,
    "('City6', 'Summer')": 114.18466917730912,
    "('City6', 'Fall')": 154.26141057022636,
    "('City6', 'Spring')": 133.52803728039737,
    "('City7', 'Winter')": 196.97371558369417,
    "('City7', 'Summer')": 133.71831455789197,
    "('City7', 'Fall')": 177.5122471373337,
    "('City7', 'Spring')": 164.75431264327543,
    "('City8', 'Winter')": 164.57122958195094,
    "('City8', 'Summer')": 94.04199559987842,
    "('City8', 'Fall')": 130.51964674950912,
    "('City8', 'Spring')": 144.73880699584652
  },
  "alpha": {
    "('Plant1', 'Sub1')": 0.8610440238564754,
    "('Plant1', 'Sub2')": 0.9442861137958561,
    "('Plant1', 'Sub3')": 0.9311681262942245,
    "('Plant1', 'Sub4')": 0.9263343489960506,
    "('Plant1', 'Sub5')": 0.8664716070166796,
    "('Plant2', 'Sub1')": 0.8710234169416006,
    "('Plant2', 'Sub2')": 0.8711622631470561,
    "('Plant2', 'Sub3')": 0.9167204473503532,
    "('Plant2', 'Sub4')": 0.9363418140332649,
    "('Plant2', 'Sub5')": 0.875137295785852,
    "('Plant3', 'Sub1')": 0.8866065290904659,
    "('Plant3', 'Sub2')": 0.8947886117681545,
    "('Plant3', 'Sub3')": 0.8618075385743927,
    "('Plant3', 'Sub4')": 0.8910117788664234,
    "('Plant3', 'Sub5')": 0.9504855585343944
  },
  "beta": {
    "('Sub1', 'City1')": 0.9198548692848123,
    "('Sub1', 'City2')": 0.9637300182065085,
    "('Sub1', 'City3')": 0.9326689312567125,
    "('Sub1', 'City4')": 0.9098243679480719,
    "('Sub1', 'City5')": 0.9781559140882716,
    "('Sub1', 'City6')": 0.9798178613680575,
    "('Sub1', 'City7')": 0.9805582388720687,
    "('Sub1', 'City8')": 0.9419622046342664,
    "('Sub2', 'City1')": 0.9660773851682556,
    "('Sub2', 'City2')": 0.937597351965064,
    "('Sub2', 'City3')": 0.9281284898944628,
    "('Sub2', 'City4')": 0.9720735991389811,
    "('Sub2', 'City5')": 0.9351190643034664,
    "('Sub2', 'City6')": 0.9668049103955406,
    "('Sub2', 'City7')": 0.9474625511172581,
    "('Sub2', 'City8')": 0.9125793082083823,
    "('Sub3', 'City1')": 0.9174572132538733,
    "('Sub3', 'City2')": 0.981859690604668,
    "('Sub3', 'City3')": 0.9530176838387996,
    "('Sub3', 'City4')": 0.9657008033195809,
    "('Sub3', 'City5')": 0.9897339473531517,
    "('Sub3', 'City6')": 0.9236697080432258,
    "('Sub3', 'City7')": 0.9348770983416151,
    "('Sub3', 'City8')": 0.966981443360782,
    "('Sub4', 'City1')": 0.9261576765762101,
    "('Sub4', 'City2')": 0.9420930426418163,
    "('Sub4', 'City3')": 0.9526651294946769,
    "('Sub4', 'City4')": 0.9891885949558761,
    "('Sub4', 'City5')": 0.9833679186694418,
    "('Sub4', 'City6')": 0.9144069413323223,
    "('Sub4', 'City7')": 0.9126949509748293,
    "('Sub4', 'City8')": 0.9426095565646198,
    "('Sub5', 'City1')": 0.9184079916090927,
    "('Sub5', 'City2')": 0.9394827125553435,
    "('Sub5', 'City3')": 0.9769415637024652,
    "('Sub5', 'City4')": 0.9787587451132884,
    "('Sub5', 'City5')": 0.9629601477343933,
    "('Sub5', 'City6')": 0.9131014074287797,
    "('Sub5', 'City7')": 0.9215935318657985,
    "('Sub5', 'City8')": 0.9162525594574193
  },
  "M": {
    "('Sub1', 'City1')": 291.9257016231507,
    "('Sub1', 'City2')": 275.9680026509794,
    "('Sub1', 'City3')": 226.5798901485627,
    "('Sub1', 'City4')": 150.0002502572601,
    "('Sub1', 'City5')": 162.5825158295178,
    "('Sub1', 'City6')": 195.82095884286286,
    "('Sub1', 'City7')": 223.19906692501573,
    "('Sub1', 'City8')": 194.12341690367577,
    "('Sub2', 'City1')": 277.9583522293842,
    "('Sub2', 'City2')": 283.65976894221444,
    "('Sub2', 'City3')": 227.68832795247226,
    "('Sub2', 'City4')": 140.39459872508283,
    "('Sub2', 'City5')": 170.0650274994114,
    "('Sub2', 'City6')": 198.45665970599862,
    "('Sub2', 'City7')": 230.9956037035983,
    "('Sub2', 'City8')": 200.37373202852515,
    "('Sub3', 'City1')": 292.6886117719526,
    "('Sub3', 'City2')": 270.87235657413976,
    "('Sub3', 'City3')": 221.74197559262518,
    "('Sub3', 'City4')": 141.32108248562855,
    "('Sub3', 'City5')": 160.6806049355891,
    "('Sub3', 'City6')": 207.72454854119482,
    "('Sub3', 'City7')": 234.10530044015314,
    "('Sub3', 'City8')": 189.1007557727239,
    "('Sub4', 'City1')": 289.9390513072578,
    "('Sub4', 'City2')": 282.30613769680457,
    "('Sub4', 'City3')": 221.82403600855642,
    "('Sub4', 'City4')": 137.96548360775614,
    "('Sub4', 'City5')": 161.7208029332214,
    "('Sub4', 'City6')": 209.82875832602141,
    "('Sub4', 'City7')": 239.79499804192324,