{
  "I": [
    "Plant1",
    "Plant2",
    "Plant3"
  ],
  "J": [
    "Sub1",
    "Sub2",
    "Sub3",
    "Sub4",
    "Sub5"
  ],
  "K": [
    "City1",
    "City2",
    "City3",
    "City4",
    "City5",
    "City6",
    "City7",
    "City8"
  ],
  "S": [
    "Winter",
    "Summer",
    "Fall",
    "Spring"
  ],
  "PC": {
    "('Plant1', 'Winter')": 35.77632151431478,
    "('Plant1', 'Summer')": 36.0759961349023,
    "('Plant1', 'Fall')": 34.96143282015789,
    "('Plant1', 'Spring')": 40.10617126165307,
    "('Plant2', 'Winter')": 36.97710359438927,
    "('Plant2', 'Summer')": 38.592064182637955,
    "('Plant2', 'Fall')": 35.079221858025385,
    "('Plant2', 'Spring')": 40.92250898567402,
    "('Plant3', 'Winter')": 40.843859850708824,
    "('Plant3', 'Summer')": 39.60998080129904,
    "('Plant3', 'Fall')": 40.13687723578263,
    "('Plant3', 'Spring')": 33.74776969829508
  },
  "Cap": {
    "('Plant1', 'Winter')": 1743.5156331678852,
    "('Plant1', 'Summer')": 1855.356690767457,
    "('Plant1', 'Fall')": 1831.3341781970878,
    "('Plant1', 'Spring')": 1842.8855597772192,
    "('Plant2', 'Winter')": 1765.6736762332391,
    "('Plant2', 'Summer')": 1864.8615360872798,
    "('Plant2', 'Fall')": 1735.4334591804627,
    "('Plant2', 'Spring')": 1881.0176410533884,
    "('Plant3', 'Winter')": 1779.2810251715855,
    "('Plant3', 'Summer')": 1893.9107413764584,
    "('Plant3', 'Fall')": 1825.1731108470574,
    "('Plant3', 'Spring')": 1795.2473341561342
  },
  "FC": {
    "Sub1": 7386.0364974585855,
    "Sub2": 5682.786462223311,
    "Sub3": 5070.993304104354,
    "Sub4": 5579.389364983126,
    "Sub5": 5984.785853593119
  },
  "SC": {
    "('Sub1', 'Winter')": 1499.0432299542838,
    "('Sub1', 'Summer')": 1400.5432721692398,
    "('Sub1', 'Fall')": 1452.4391527263592,
    "('Sub1', 'Spring')": 1417.8086452697687,
    "('Sub2', 'Winter')": 1495.9730695766598,
    "('Sub2', 'Summer')": 1556.0464267733742,
    "('Sub2', 'Fall')": 1433.2386527918125,
    "('Sub2', 'Spring')": 1560.6915753194692,
    "('Sub3', 'Winter')": 1139.6670267959057,
    "('Sub3', 'Summer')": 1063.7365363653657,
    "('Sub3', 'Fall')": 1046.6278277095744,
    "('Sub3', 'Spring')": 1082.1560436061138,
    "('Sub4', 'Winter')": 1338.853038124312,
    "('Sub4', 'Summer')": 1378.7623124306556,
    "('Sub4', 'Fall')": 1365.8309469782869,
    "('Sub4', 'Spring')": 1348.6100586619712,
    "('Sub5', 'Winter')": 1256.6950688471927,
    "('Sub5', 'Summer')": 1315.1917050475581,
    "('Sub5', 'Fall')": 1224.097207022702,
    "('Sub5', 'Spring')": 1343.120615900001
  },
  "D": {
    "('City1', 'Winter')": 191.3658900592642,
    "('City1', 'Summer')": 130.52073137640133,
    "('City1', 'Fall')": 159.0952749773973,
    "('City1', 'Spring')": 149.66742475127052,
    "('City2', 'Winter')": 131.91145776825874,
    "('City2', 'Summer')": 81.96427459881255,
    "('City2', 'Fall')": 103.01527338367326,
    "('City2', 'Spring')": 114.44472581150268,
    "('City3', 'Winter')": 199.50257895222134,
    "('City3', 'Summer')": 131.02067073733974,
    "('City3', 'Fall')": 168.82459258290683,
    "('City3', 'Spring')": 168.61847929287524,
    "('City4', 'Winter')": 145.82049425923557,
    "('City4', 'Summer')": 101.59093377153287,
    "('City4', 'Fall')": 140.9767098722944,
    "('City4', 'Spring')": 134.16037861847127,
    "('City5', 'Winter')": 232.73271394165232,
    "('City5', 'Summer')": 144.64937000749842,
    "('City5', 'Fall')": 192.10485847328968,
    "('City5', 'Spring')": 171.26794760207707,
    "('City6', 'Winter')": 152.6250879944085,
    "('City6', 'Summer')": 105.01176759074383,
    "('City6', 'Fall')": 132.67322747129765,
    "('City6', 'Spring')": 127.79022812242228,
    "('City7', 'Winter')": 164.80140931476075,
    "('City7', 'Summer')": 114.59938784943255,
    "('City7', 'Fall')": 155.787317115709,
    "('City7', 'Spring')": 152.75428010355455,
    "('City8', 'Winter')": 130.64974577665345,
    "('City8', 'Summer')": 93.93679335688029,
    "('City8', 'Fall')": 120.07913512365464,
    "('City8', 'Spring')": 113.11356202701454
  },
  "alpha": {
    "('Plant1', 'Sub1')": 0.8764791642361877,
    "('Plant1', 'Sub2')": 0.8823964680146804,
    "('Plant1', 'Sub3')": 0.8893365292108936,
    "('Plant1', 'Sub4')": 0.9300991676854936,
    "('Plant1', 'Sub5')": 0.932474947970105,
    "('Plant2', 'Sub1')": 0.9489088449561246,
    "('Plant2', 'Sub2')": 0.9282220893503773,
    "('Plant2', 'Sub3')": 0.9070899738241017,
    "('Plant2', 'Sub4')": 0.8737388300266226,
    "('Plant2', 'Sub5')": 0.9443269542899813,
    "('Plant3', 'Sub1')": 0.9126123287517356,
    "('Plant3', 'Sub2')": 0.8931716153967388,
    "('Plant3', 'Sub3')": 0.9329128193853304,
    "('Plant3', 'Sub4')": 0.8872438446415017,
    "('Plant3', 'Sub5')": 0.9053463358879695
  },
  "beta": {
    "('Sub1', 'City1')": 0.9685466795058637,
    "('Sub1', 'City2')": 0.9332844750666293,
    "('Sub1', 'City3')": 0.9895558888421639,
    "('Sub1', 'City4')": 0.9253466981375212,
    "('Sub1', 'City5')": 0.9237589139977823,
    "('Sub1', 'City6')": 0.9805978358910326,
    "('Sub1', 'City7')": 0.9528829958162119,
    "('Sub1', 'City8')": 0.9745009342350177,
    "('Sub2', 'City1')": 0.9082669518049191,
    "('Sub2', 'City2')": 0.9449566764744063,
    "('Sub2', 'City3')": 0.9855852471964585,
    "('Sub2', 'City4')": 0.9680922998471708,
    "('Sub2', 'City5')": 0.9172728806143259,
    "('Sub2', 'City6')": 0.950201164886052,
    "('Sub2', 'City7')": 0.9211545093936548,
    "('Sub2', 'City8')": 0.9323173705392858,
    "('Sub3', 'City1')": 0.9058239379690304,
    "('Sub3', 'City2')": 0.9383889954295427,
    "('Sub3', 'City3')": 0.9089151215837328,
    "('Sub3', 'City4')": 0.9137225281493508,
    "('Sub3', 'City5')": 0.9369374926553891,
    "('Sub3', 'City6')": 0.9279896896813359,
    "('Sub3', 'City7')": 0.9460782138740005,
    "('Sub3', 'City8')": 0.9187408154676832,
    "('Sub4', 'City1')": 0.9424160120113473,
    "('Sub4', 'City2')": 0.9132471543318187,
    "('Sub4', 'City3')": 0.9259556035698291,
    "('Sub4', 'City4')": 0.9486449326647745,
    "('Sub4', 'City5')": 0.9672219946872983,
    "('Sub4', 'City6')": 0.9682629593494191,
    "('Sub4', 'City7')": 0.9348309863362352,
    "('Sub4', 'City8')": 0.924110864246804,
    "('Sub5', 'City1')": 0.944672489841488,
    "('Sub5', 'City2')": 0.9357496003124752,
    "('Sub5', 'City3')": 0.965881840839525,
    "('Sub5', 'City4')": 0.983169736471035,
    "('Sub5', 'City5')": 0.9649147402898322,
    "('Sub5', 'City6')": 0.9661324333148388,
    "('Sub5', 'City7')": 0.961968222931556,
    "('Sub5', 'City8')": 0.9430710071049168
  },
  "M": {
    "('Sub1', 'City1')": 219.5338347977151,
    "('Sub1', 'City2')": 157.04567077333257,
    "('Sub1', 'City3')": 224.0091081954963,
    "('Sub1', 'City4')": 175.09412604514583,
    "('Sub1', 'City5')": 279.93440762644104,
    "('Sub1', 'City6')": 172.93881844110354,
    "('Sub1', 'City7')": 192.16701087162525,
    "('Sub1', 'City8')": 148.96484866916734,
    "('Sub2', 'City1')": 234.1038241124785,
    "('Sub2', 'City2')": 155.1058266036243,
    "('Sub2', 'City3')": 224.91157695357532,
    "('Sub2', 'City4')": 167.3629378363288,
    "('Sub2', 'City5')": 281.9138228598089,
    "('Sub2', 'City6')": 178.471083147151,
    "('Sub2', 'City7')": 198.7860615662988,
    "('Sub2', 'City8')": 155.70490133881358,
    "('Sub3', 'City1')": 234.73520385126477,
    "('Sub3', 'City2')": 156.1913951709179,
    "('Sub3', 'City3')": 243.88364425369917,
    "('Sub3', 'City4')": 177.3216336553623,
    "('Sub3', 'City5')": 275.9969650128253,
    "('Sub3', 'City6')": 182.74279659629826,
    "('Sub3', 'City7')": 193.5491953319495,
    "('Sub3', 'City8')": 158.00580724432598,
    "('Sub4', 'City1')": 225.62091902355704,
    "('Sub4', 'City2')": 160.49136941074153,
    "('Sub4', 'City3')": 239.39542167522296,
    "('Sub4', 'City4')": 170.79390383082887,
    "('Sub4', 'City5')": 267.3552770718538,
    "('Sub4', 'City6')": 175.14191725235705,
    "('Sub4', 'City7')": 195.8778428323725,