{
  "I": [
    "Plant1",
    "Plant2",
    "Plant3"
  ],
  "J": [
    "Sub1",
    "Sub2",
    "Sub3",
    "Sub4",
    "Sub5"
  ],
  "K": [
    "City1",
    "City2",
    "City3",
    "City4",
    "City5",
    "City6",
    "City7",
    "City8"
  ],
  "S": [
    "Winter",
    "Summer",
    "Fall",
    "Spring"
  ],
  "PC": {
    "('Plant1', 'Winter')": 21.54378138709245,
    "('Plant1', 'Summer')": 23.650630972551788,
    "('Plant1', 'Fall')": 23.70741001714514,
    "('Plant1', 'Spring')": 20.783198937905492,
    "('Plant2', 'Winter')": 28.391905051388076,
    "('Plant2', 'Summer')": 27.677762853387403,
    "('Plant2', 'Fall')": 26.50134847922199,
    "('Plant2', 'Spring')": 27.702363657148066,
    "('Plant3', 'Winter')": 38.73740038045358,
    "('Plant3', 'Summer')": 39.5865283991288,
    "('Plant3', 'Fall')": 40.81483717315964,
    "('Plant3', 'Spring')": 40.12042863971613
  },
  "Cap": {
    "('Plant1', 'Winter')": 1522.1680134720852,
    "('Plant1', 'Summer')": 1580.6254021829784,
    "('Plant1', 'Fall')": 1648.5231139434543,
    "('Plant1', 'Spring')": 1665.420426081522,
    "('Plant2', 'Winter')": 1861.8722248722177,
    "('Plant2', 'Summer')": 1926.8062085225279,
    "('Plant2', 'Fall')": 1886.9984544175734,
    "('Plant2', 'Spring')": 1898.2895066555948,
    "('Plant3', 'Winter')": 1484.5752056792246,
    "('Plant3', 'Summer')": 1519.4237437075478,
    "('Plant3', 'Fall')": 1453.9161902324274,
    "('Plant3', 'Spring')": 1503.3683225350212
  },
  "FC": {
    "Sub1": 7037.42565508505,
    "Sub2": 6212.950007412911,
    "Sub3": 5495.134193610526,
    "Sub4": 6402.170447696931,
    "Sub5": 5382.883391843482
  },
  "SC": {
    "('Sub1', 'Winter')": 1249.1077047737317,
    "('Sub1', 'Summer')": 1297.2331744602598,
    "('Sub1', 'Fall')": 1319.5710967729144,
    "('Sub1', 'Spring')": 1249.125482946307,
    "('Sub2', 'Winter')": 1273.2370714101155,
    "('Sub2', 'Summer')": 1316.3137528296143,
    "('Sub2', 'Fall')": 1261.950567677052,
    "('Sub2', 'Spring')": 1305.3999129865438,
    "('Sub3', 'Winter')": 1086.68222928631,
    "('Sub3', 'Summer')": 1134.71771060601,
    "('Sub3', 'Fall')": 1092.4635546837837,
    "('Sub3', 'Spring')": 1133.6981480051038,
    "('Sub4', 'Winter')": 1380.8847293141466,
    "('Sub4', 'Summer')": 1356.7616479319183,
    "('Sub4', 'Fall')": 1347.9086355149075,
    "('Sub4', 'Spring')": 1421.5437305331125,
    "('Sub5', 'Winter')": 1477.448657281572,
    "('Sub5', 'Summer')": 1522.4748362918406,
    "('Sub5', 'Fall')": 1542.1375756127668,
    "('Sub5', 'Spring')": 1522.7164131685477
  },
  "D": {
    "('City1', 'Winter')": 226.28246109644564,
    "('City1', 'Summer')": 129.7908268558532,
    "('City1', 'Fall')": 158.59601442701006,
    "('City1', 'Spring')": 163.22727177912054,
    "('City2', 'Winter')": 138.96347908868262,
    "('City2', 'Summer')": 91.53855568840694,
    "('City2', 'Fall')": 106.26941249363321,
    "('City2', 'Spring')": 117.11493017482256,
    "('City3', 'Winter')": 200.28811718601438,
    "('City3', 'Summer')": 145.14175572868646,
    "('City3', 'Fall')": 185.45099709509464,
    "('City3', 'Spring')": 163.06818710483478,
    "('City4', 'Winter')": 235.22548187948365,
    "('City4', 'Summer')": 131.2843658456488,
    "('City4', 'Fall')": 164.67144148123765,
    "('City4', 'Spring')": 175.08798930924004,
    "('City5', 'Winter')": 216.65197376351324,
    "('City5', 'Summer')": 130.7208551054302,
    "('City5', 'Fall')": 174.94781532799422,
    "('City5', 'Spring')": 153.51070553494165,
    "('City6', 'Winter')": 207.17608647837707,
    "('City6', 'Summer')": 121.78852543509576,
    "('City6', 'Fall')": 178.2746438365923,
    "('City6', 'Spring')": 180.90565758944558,
    "('City7', 'Winter')": 179.92003627317567,
    "('City7', 'Summer')": 143.51993158389962,
    "('City7', 'Fall')": 169.08781930316357,
    "('City7', 'Spring')": 155.15042410767165,
    "('City8', 'Winter')": 167.707887294522,
    "('City8', 'Summer')": 114.44052627710465,
    "('City8', 'Fall')": 138.30216334316935,
    "('City8', 'Spring')": 152.8243241148534
  },
  "alpha": {
    "('Plant1', 'Sub1')": 0.8761367509762628,
    "('Plant1', 'Sub2')": 0.9412430468271026,
    "('Plant1', 'Sub3')": 0.8640896476370684,
    "('Plant1', 'Sub4')": 0.8926519652720272,
    "('Plant1', 'Sub5')": 0.8755782698330236,
    "('Plant2', 'Sub1')": 0.8862724549926188,
    "('Plant2', 'Sub2')": 0.9106936523589699,
    "('Plant2', 'Sub3')": 0.8839281212961626,
    "('Plant2', 'Sub4')": 0.8636848159178854,
    "('Plant2', 'Sub5')": 0.9258822246400186,
    "('Plant3', 'Sub1')": 0.8773757563422132,
    "('Plant3', 'Sub2')": 0.9013899747577504,
    "('Plant3', 'Sub3')": 0.9063318583943641,
    "('Plant3', 'Sub4')": 0.9106856976671411,
    "('Plant3', 'Sub5')": 0.8841729228148199
  },
  "beta": {
    "('Sub1', 'City1')": 0.9664211193344474,
    "('Sub1', 'City2')": 0.9169941516896953,
    "('Sub1', 'City3')": 0.9187274327957607,
    "('Sub1', 'City4')": 0.9823578174004484,
    "('Sub1', 'City5')": 0.9145283541379914,
    "('Sub1', 'City6')": 0.9685572270704117,
    "('Sub1', 'City7')": 0.9494961894130091,
    "('Sub1', 'City8')": 0.9371331977974682,
    "('Sub2', 'City1')": 0.9568496194173125,
    "('Sub2', 'City2')": 0.9874958351362405,
    "('Sub2', 'City3')": 0.9170569029520115,
    "('Sub2', 'City4')": 0.9739789503297905,
    "('Sub2', 'City5')": 0.9713282769532186,
    "('Sub2', 'City6')": 0.92145170522733,
    "('Sub2', 'City7')": 0.9601838562936036,
    "('Sub2', 'City8')": 0.9146362825174662,
    "('Sub3', 'City1')": 0.9295017979249819,
    "('Sub3', 'City2')": 0.9657365815935043,
    "('Sub3', 'City3')": 0.9891457369789787,
    "('Sub3', 'City4')": 0.9090768617488878,
    "('Sub3', 'City5')": 0.9824506489504001,
    "('Sub3', 'City6')": 0.9279228181336371,
    "('Sub3', 'City7')": 0.947458629082404,
    "('Sub3', 'City8')": 0.9247472529936563,
    "('Sub4', 'City1')": 0.9303868230497729,
    "('Sub4', 'City2')": 0.934137849683015,
    "('Sub4', 'City3')": 0.947267343289257,
    "('Sub4', 'City4')": 0.9218581126234369,
    "('Sub4', 'City5')": 0.9817929858576093,
    "('Sub4', 'City6')": 0.9705001944208128,
    "('Sub4', 'City7')": 0.9302882040857362,
    "('Sub4', 'City8')": 0.9631380313582278,
    "('Sub5', 'City1')": 0.9395633784107064,
    "('Sub5', 'City2')": 0.9487656604661359,
    "('Sub5', 'City3')": 0.9438547664208162,
    "('Sub5', 'City4')": 0.9528523271143635,
    "('Sub5', 'City5')": 0.9257656174270207,
    "('Sub5', 'City6')": 0.9610092768316824,
    "('Sub5', 'City7')": 0.9293620046132792,
    "('Sub5', 'City8')": 0.9662018825787388
  },
  "M": {
    "('Sub1', 'City1')": 260.1608674973693,
    "('Sub1', 'City2')": 168.3804257307205,
    "('Sub1', 'City3')": 242.22891848531262,
    "('Sub1', 'City4')": 266.0554452799943,
    "('Sub1', 'City5')": 263.22247331488427,
    "('Sub1', 'City6')": 237.6686118371264,
    "('Sub1', 'City7')": 210.54444835447663,
    "('Sub1', 'City8')": 198.84270179721594,
    "('Sub2', 'City1')": 262.76329286407343,
    "('Sub2', 'City2')": 156.35900442333448,
    "('Sub2', 'City3')": 242.670167699016,
    "('Sub2', 'City4')": 268.3442454729255,
    "('Sub2', 'City5')": 247.83013220605162,
    "('Sub2', 'City6')": 249.8184661624235,
    "('Sub2', 'City7')": 208.20090871587317,
    "('Sub2', 'City8')": 203.73355021629035,
    "('Sub3', 'City1')": 270.4943200057376,
    "('Sub3', 'City2')": 159.88196843420718,
    "('Sub3', 'City3')": 224.98439219744049,
    "('Sub3', 'City4')": 287.50225369277405,
    "('Sub3', 'City5')": 245.0244351204512,
    "('Sub3', 'City6')": 248.076291631282,
    "('Sub3', 'City7')": 210.99723542361934,
    "('Sub3', 'City8')": 201.505975163131,
    "('Sub4', 'City1')": 270.23701383653196,
    "('Sub4', 'City2')": 165.29023602510733,
    "('Sub4', 'City3')": 234.93088197905863,
    "('Sub4', 'City4')": 283.51613220495824,
    "('Sub4', 'City5')": 245.18856699970868,
    "('Sub4', 'City6')": 237.192792918522,
    "('Sub4', 'City7')": 214.8916330838649,