{
  "I": [
    "Plant1",
    "Plant2",
    "Plant3"
  ],
  "J": [
    "Sub1",
    "Sub2",
    "Sub3",
    "Sub4",
    "Sub5"
  ],
  "K": [
    "City1",
    "City2",
    "City3",
    "City4",
    "City5",
    "City6",
    "City7",
    "City8"
  ],
  "S": [
    "Winter",
    "Summer",
    "Fall",
    "Spring"
  ],
  "PC": {
    "('Plant1', 'Winter')": 29.673695581688754,
    "('Plant1', 'Summer')": 31.313244111825668,
    "('Plant1', 'Fall')": 30.973433035540893,
    "('Plant1', 'Spring')": 34.3392449514151,
    "('Plant2', 'Winter')": 36.16425886905204,
    "('Plant2', 'Summer')": 30.763671958039957,
    "('Plant2', 'Fall')": 33.01033516880775,
    "('Plant2', 'Spring')": 30.380434703846166,
    "('Plant3', 'Winter')": 24.398864125867153,
    "('Plant3', 'Summer')": 22.064834507884836,
    "('Plant3', 'Fall')": 22.904727994254795,
    "('Plant3', 'Spring')": 25.10337896691293
  },
  "Cap": {
    "('Plant1', 'Winter')": 1634.2961215255493,
    "('Plant1', 'Summer')": 1699.669284564834,
    "('Plant1', 'Fall')": 1738.692846348489,
    "('Plant1', 'Spring')": 1596.375552409209,
    "('Plant2', 'Winter')": 1845.4682808202185,
    "('Plant2', 'Summer')": 1777.365261635275,
    "('Plant2', 'Fall')": 1742.2050070072141,
    "('Plant2', 'Spring')": 1894.7676602402933,
    "('Plant3', 'Winter')": 1516.9403090558856,
    "('Plant3', 'Summer')": 1517.6027120689619,
    "('Plant3', 'Fall')": 1642.8547992891129,
    "('Plant3', 'Spring')": 1602.1869944507453
  },
  "FC": {
    "Sub1": 7421.384819823141,
    "Sub2": 7189.195360081454,
    "Sub3": 6608.684274364103,
    "Sub4": 7919.347291938112,
    "Sub5": 6135.603131625061
  },
  "SC": {
    "('Sub1', 'Winter')": 1318.0530200018413,
    "('Sub1', 'Summer')": 1291.1436768187134,
    "('Sub1', 'Fall')": 1322.1748509468637,
    "('Sub1', 'Spring')": 1285.8906065171836,
    "('Sub2', 'Winter')": 1290.8683890744394,
    "('Sub2', 'Summer')": 1315.4899850945446,
    "('Sub2', 'Fall')": 1323.8051490069813,
    "('Sub2', 'Spring')": 1295.4617788792664,
    "('Sub3', 'Winter')": 1071.8514245762633,
    "('Sub3', 'Summer')": 1091.6085174051468,
    "('Sub3', 'Fall')": 1131.5431927092409,
    "('Sub3', 'Spring')": 1101.3053692342712,
    "('Sub4', 'Winter')": 1150.6644382211068,
    "('Sub4', 'Summer')": 1157.4752470036756,
    "('Sub4', 'Fall')": 1236.8380032084626,
    "('Sub4', 'Spring')": 1202.634016187006,
    "('Sub5', 'Winter')": 1261.6633853558988,
    "('Sub5', 'Summer')": 1334.4565944715666,
    "('Sub5', 'Fall')": 1260.654153335697,
    "('Sub5', 'Spring')": 1288.8396756097663
  },
  "D": {
    "('City1', 'Winter')": 244.31345790265613,
    "('City1', 'Summer')": 161.4279249519762,
    "('City1', 'Fall')": 206.29822232775234,
    "('City1', 'Spring')": 212.59457308422398,
    "('City2', 'Winter')": 203.4957773810487,
    "('City2', 'Summer')": 125.46019441492082,
    "('City2', 'Fall')": 171.04488374816052,
    "('City2', 'Spring')": 169.35014748016528,
    "('City3', 'Winter')": 156.0450625367086,
    "('City3', 'Summer')": 105.9941222577003,
    "('City3', 'Fall')": 116.60984622083058,
    "('City3', 'Spring')": 124.86295549667379,
    "('City4', 'Winter')": 179.04694494227394,
    "('City4', 'Summer')": 110.50199874088169,
    "('City4', 'Fall')": 133.00037530191864,
    "('City4', 'Spring')": 132.49089544379595,
    "('City5', 'Winter')": 179.9552222592762,
    "('City5', 'Summer')": 127.5508481276855,
    "('City5', 'Fall')": 168.5597728862712,
    "('City5', 'Spring')": 152.99535650458122,
    "('City6', 'Winter')": 158.45164974009234,
    "('City6', 'Summer')": 97.7779728853335,
    "('City6', 'Fall')": 111.95582299348136,
    "('City6', 'Spring')": 110.88786781718804,
    "('City7', 'Winter')": 135.98630342892847,
    "('City7', 'Summer')": 95.25404268122746,
    "('City7', 'Fall')": 109.23741053212198,
    "('City7', 'Spring')": 101.27829100925317,
    "('City8', 'Winter')": 179.50333172854366,
    "('City8', 'Summer')": 111.33404173458244,
    "('City8', 'Fall')": 151.1789480899974,
    "('City8', 'Spring')": 148.13113254639907
  },
  "alpha": {
    "('Plant1', 'Sub1')": 0.950137942597457,
    "('Plant1', 'Sub2')": 0.8850844790855827,
    "('Plant1', 'Sub3')": 0.8885440657924224,
    "('Plant1', 'Sub4')": 0.9014983802744989,
    "('Plant1', 'Sub5')": 0.9261838527145989,
    "('Plant2', 'Sub1')": 0.8921721427657422,
    "('Plant2', 'Sub2')": 0.940677219009665,
    "('Plant2', 'Sub3')": 0.9107593971911636,
    "('Plant2', 'Sub4')": 0.9090343737320125,
    "('Plant2', 'Sub5')": 0.8646922698445262,
    "('Plant3', 'Sub1')": 0.8714600164834961,
    "('Plant3', 'Sub2')": 0.9265021570627759,
    "('Plant3', 'Sub3')": 0.9047843858882055,
    "('Plant3', 'Sub4')": 0.9343864315407777,
    "('Plant3', 'Sub5')": 0.8682611166435946
  },
  "beta": {
    "('Sub1', 'City1')": 0.9154434637453177,
    "('Sub1', 'City2')": 0.9638110293522869,
    "('Sub1', 'City3')": 0.9347226221221164,
    "('Sub1', 'City4')": 0.9372480358416115,
    "('Sub1', 'City5')": 0.9765244074303062,
    "('Sub1', 'City6')": 0.9243856058869353,
    "('Sub1', 'City7')": 0.9431366351684133,
    "('Sub1', 'City8')": 0.9230458386127349,
    "('Sub2', 'City1')": 0.9439030395079452,
    "('Sub2', 'City2')": 0.9899988765506041,
    "('Sub2', 'City3')": 0.9615833356844518,
    "('Sub2', 'City4')": 0.9883158888146064,
    "('Sub2', 'City5')": 0.9106297594566989,
    "('Sub2', 'City6')": 0.9147678433595486,
    "('Sub2', 'City7')": 0.9186501656086213,
    "('Sub2', 'City8')": 0.9630246491650118,
    "('Sub3', 'City1')": 0.9849018721213705,
    "('Sub3', 'City2')": 0.9148264865010575,
    "('Sub3', 'City3')": 0.9091679393792456,
    "('Sub3', 'City4')": 0.9824470687987998,
    "('Sub3', 'City5')": 0.9476792842696762,
    "('Sub3', 'City6')": 0.9839018560781964,
    "('Sub3', 'City7')": 0.9245444078355488,
    "('Sub3', 'City8')": 0.9241091388864087,
    "('Sub4', 'City1')": 0.9786754219663264,
    "('Sub4', 'City2')": 0.94859302924778,
    "('Sub4', 'City3')": 0.9422521892453655,
    "('Sub4', 'City4')": 0.9667115742784586,
    "('Sub4', 'City5')": 0.9152857442162492,
    "('Sub4', 'City6')": 0.9530552381572979,
    "('Sub4', 'City7')": 0.9713563953967971,
    "('Sub4', 'City8')": 0.9431436754461735,
    "('Sub5', 'City1')": 0.9271000446408881,
    "('Sub5', 'City2')": 0.9722876367604736,
    "('Sub5', 'City3')": 0.9626605069871259,
    "('Sub5', 'City4')": 0.9052325181952618,
    "('Sub5', 'City5')": 0.93380370836785,
    "('Sub5', 'City6')": 0.9517727244134412,
    "('Sub5', 'City7')": 0.9449891569386635,
    "('Sub5', 'City8')": 0.9793263147588058
  },
  "M": {
    "('Sub1', 'City1')": 296.533219603761,
    "('Sub1', 'City2')": 234.59621484538042,
    "('Sub1', 'City3')": 185.49182261677785,
    "('Sub1', 'City4')": 212.26083419552728,
    "('Sub1', 'City5')": 204.75703979679753,
    "('Sub1', 'City6')": 190.45881662250457,
    "('Sub1', 'City7')": 160.2057295460998,
    "('Sub1', 'City8')": 216.07610155613003,
    "('Sub2', 'City1')": 287.59246056790874,
    "('Sub2', 'City2')": 228.3905817146842,
    "('Sub2', 'City3')": 180.31032400863248,
    "('Sub2', 'City4')": 201.29297948904912,
    "('Sub2', 'City5')": 219.5735916582014,
    "('Sub2', 'City6')": 192.46127843051366,
    "('Sub2', 'City7')": 164.4759870028498,
    "('Sub2', 'City8')": 207.10596196886502,
    "('Sub3', 'City1')": 275.6207550757561,
    "('Sub3', 'City2')": 247.15770984841828,
    "('Sub3', 'City3')": 190.7055839836878,
    "('Sub3', 'City4')": 202.4954384352711,
    "('Sub3', 'City5')": 210.9893613521814,
    "('Sub3', 'City6')": 178.93795759453297,
    "('Sub3', 'City7')": 163.4274042634037,
    "('Sub3', 'City8')": 215.8274796474712,
    "('Sub4', 'City1')": 277.3742873037616,
    "('Sub4', 'City2')": 238.35977320176525,
    "('Sub4', 'City3')": 184.00955158026755,
    "('Sub4', 'City4')": 205.79152585852407,
    "('Sub4', 'City5')": 218.4566385068817,
    "('Sub4', 'City6')": 184.72946955362627,
    "('Sub4', 'City7')": 155.55144683747827,