{
  "I": [
    "Plant1",
    "Plant2",
    "Plant3",
    "Plant4",
    "Plant5"
  ],
  "J": [
    "Sub1",
    "Sub2",
    "Sub3",
    "Sub4",
    "Sub5",
    "Sub6"
  ],
  "K": [
    "City1",
    "City2",
    "City3",
    "City4",
    "City5",
    "City6",
    "City7"
  ],
  "S": [
    "Winter",
    "Summer",
    "Fall",
    "Spring"
  ],
  "PC": {
    "Plant1": {
      "Winter": 39.962134811830154,
      "Summer": 37.124790985933856,
      "Fall": 44.620258991154394,
      "Spring": 41.30146161613066
    },
    "Plant2": {
      "Winter": 40.925329769529704,
      "Summer": 40.0418656033933,
      "Fall": 43.75971316006601,
      "Spring": 40.4278253681657
    },
    "Plant3": {
      "Winter": 45.405332703836656,
      "Summer": 45.58337344968136,
      "Fall": 45.189670114129385,
      "Spring": 41.26613454640299
    },
    "Plant4": {
      "Winter": 48.013710621527956,
      "Summer": 42.886872934975294,
      "Fall": 39.75268039738573,
      "Spring": 47.58844695304654
    },
    "Plant5": {
      "Winter": 47.62687932434549,
      "Summer": 46.50171504559772,
      "Fall": 46.58392316584198,
      "Spring": 44.48484180250598
    }
  },
  "Cap": {
    "Plant1": {
      "Winter": 2108.648503483144,
      "Summer": 2136.0149768308643,
      "Fall": 2252.0004644377586,
      "Spring": 2099.025419743025
    },
    "Plant2": {
      "Winter": 1915.735381526628,
      "Summer": 2025.3120435416085,
      "Fall": 1902.6510005024625,
      "Spring": 1908.35929085239
    },
    "Plant3": {
      "Winter": 2006.8960149575864,
      "Summer": 1958.2147316201394,
      "Fall": 1978.1726605508331,
      "Spring": 1993.1526096354594
    },
    "Plant4": {
      "Winter": 1475.4757531060184,
      "Summer": 1393.2071538026876,
      "Fall": 1449.7470715586053,
      "Spring": 1494.0467850532216
    },
    "Plant5": {
      "Winter": 2147.5227060674774,
      "Summer": 2147.12528291456,
      "Fall": 2218.8681369004503,
      "Spring": 2058.8978355995596
    }
  },
  "FC": {
    "Sub1": 8742.132360658597,
    "Sub2": 7579.573893398109,
    "Sub3": 8004.864610740975,
    "Sub4": 8388.117101899345,
    "Sub5": 6957.73720523092,
    "Sub6": 6772.065584750181
  },
  "SC": {
    "Sub1": {
      "Winter": 1377.1285981459391,
      "Summer": 1507.95464566146,
      "Fall": 1487.513448434611,
      "Spring": 1404.5038121654277
    },
    "Sub2": {
      "Winter": 1697.2186934976985,
      "Summer": 1692.8422501222913,
      "Fall": 1631.8896240455874,
      "Spring": 1640.9768674929057
    },
    "Sub3": {
      "Winter": 1653.3489128131675,
      "Summer": 1661.7580518430373,
      "Fall": 1687.4296578413282,
      "Spring": 1637.4165459968485
    },
    "Sub4": {
      "Winter": 1555.376149974106,
      "Summer": 1663.704431815554,
      "Fall": 1669.52048783103,
      "Spring": 1538.1473778751988
    },
    "Sub5": {
      "Winter": 1848.3900633365806,
      "Summer": 1769.5427904296184,
      "Fall": 1772.1519507795017,
      "Spring": 1831.2809267995615
    },
    "Sub6": {
      "Winter": 1839.298401181737,
      "Summer": 1744.5309784547114,
      "Fall": 1784.839796913559,
      "Spring": 1777.8124710292657
    }
  },
  "D": {
    "City1": {
      "Winter": 184.35436301226292,
      "Summer": 127.7279060158874,
      "Fall": 153.65418847163784,
      "Spring": 161.94802633617468
    },
    "City2": {
      "Winter": 294.8188734542926,
      "Summer": 200.68853518964318,
      "Fall": 251.4755125012815,
      "Spring": 225.9955797455038
    },
    "City3": {
      "Winter": 278.68821967082897,
      "Summer": 169.01677394488894,
      "Fall": 236.36557655867307,
      "Spring": 224.98263807287077
    },
    "City4": {
      "Winter": 243.69452488091446,
      "Summer": 152.99956848183965,
      "Fall": 193.6954179081247,
      "Spring": 222.34497907523985
    },
    "City5": {
      "Winter": 236.96604405141903,
      "Summer": 173.6893692060831,
      "Fall": 208.844306408407,
      "Spring": 196.8943967627078
    },
    "City6": {
      "Winter": 257.9113676170962,
      "Summer": 152.29031117027682,
      "Fall": 219.62871141889596,
      "Spring": 184.63539725806027
    },
    "City7": {
      "Winter": 270.53878869522333,
      "Summer": 170.59157281664275,
      "Fall": 254.03609679720782,
      "Spring": 219.8649363419376
    }
  },
  "alpha": {
    "Plant1": {
      "Sub1": 0.7752845961135428,
      "Sub2": 0.7907255023716693,
      "Sub3": 0.7608122338162263,
      "Sub4": 0.8990895765603902,
      "Sub5": 0.8441977804385746,
      "Sub6": 0.8632474188086162
    },
    "Plant2": {
      "Sub1": 0.8721737139728136,
      "Sub2": 0.885160209917863,
      "Sub3": 0.8798434353190537,
      "Sub4": 0.8620096322432468,
      "Sub5": 0.8127060208533468,
      "Sub6": 0.7959141598856201
    },
    "Plant3": {
      "Sub1": 0.8811161203691079,
      "Sub2": 0.8710363412511302,
      "Sub3": 0.7560888226667004,
      "Sub4": 0.7415432039939185,
      "Sub5": 0.8950781228799275,
      "Sub6": 0.8209273287809035
    },
    "Plant4": {
      "Sub1": 0.7791548006296556,
      "Sub2": 0.8485645214482347,
      "Sub3": 0.786524658871933,
      "Sub4": 0.8909340078580019,
      "Sub5": 0.8850526046753284,
      "Sub6": 0.7606468755536708
    },
    "Plant5": {
      "Sub1": 0.904746554916309,
      "Sub2": 0.8068887688499398,
      "Sub3": 0.7595688159878434,
      "Sub4": 0.7626279740354399,
      "Sub5": 0.7881739491033671,
      "Sub6": 0.873281386370607
    }
  },
  "beta": {
    "Sub1": {
      "City1": 0.8324745720655093,
      "City2": 0.8766935290632974,
      "City3": 0.8624708243432498,
      "City4": 0.8461691886110803,
      "City5": 0.9383366086941348,
      "City6": 0.9137692677607878,
      "City7": 0.963772829697427
    },
    "Sub2": {
      "City1": 0.90750502895341,
      "City2": 0.8302150781865205,
      "City3": 0.834370053651496,
      "City4": 0.8231105252497637,
      "City5": 0.9134149618872764,
      "City6": 0.8704120714872601,
      "City7": 0.8243388218528342
    },
    "Sub3": {
      "City1": 0.8277735285829836,
      "City2": 0.8825271230972672,
      "City3": 0.9368298350928065,
      "City4": 0.8488346369030093,
      "City5": 0.9544597054930134,
      "City6": 0.8374861518969708,
      "City7": 0.8587316303469805
    },
    "Sub4": {
      "City1": 0.8431900964173731,
      "City2": 0.9526534387546003,
      "City3": 0.8653614361297569,
      "City4": 0.9425680877840285,
      "City5": 0.8653185654806642,
      "City6": 0.9038652579594941,
      "City7": 0.8187385273166202
    },
    "Sub5": {
      "City1": 0.9392627011094954,
      "City2": 0.9120842159591052,
      "City3": 0.8491986595227949,
      "City4": 0.889838887822832,
      "City5": 0.9609682940790399,
      "City6": 0.9253021078756616,
      "City7": 0.9317246441410334
    },
    "Sub6": {
      "City1": 0.964586707036344,
      "City2": 0.9572540077881757,
      "City3": 0.8702342389882833,
      "City4": 0.9374050584467621,
      "City5": 0.9184047456007258,
      "City6": 0.9654602464488313,
      "City7": 0.8771755289068673
    }
  },
  "M": {
    "Sub1": {
      "City1": 246.05938487285997,
      "City2": 373.64998736824714,
      "City3": 359.03078535766787,
      "City4": 319.9971092738291,
      "City5": 280.59824380933,
      "City6": 313.6111011300038,
      "City7": 311.8978299068418
    },
    "Sub2": {
      "City1": 225.7157531798677,
      "City2": 394.5682687140139,
      "City3": 371.122592495835,
      "City4": 328.96152582906717,
      "City5": 288.25409642684366,
      "City6": 329.2327802296712,
      "City7": 364.6542491231455
    },
    "Sub3": {
      "City1": 247.45679108075237,
      "City2": 371.1801229526874,
      "City3": 330.53342860430627,
      "City4": 318.99227781284145,
      "City5": 275.85827142443367,
      "City6": 342.17662655330946,
      "City7": 350.04958881547583
    },
    "Sub4": {
      "City1": 242.9323849925096,
      "City2": 343.85697120724666,
      "City3": 357.83149616295253,
      "City4": 287.27016946723677,